{"cameraMode":{"drawMode":0,"name":"Shaded","section":"Shading Mode"},"sceneLighting":true,"audioPlay":false,"sceneViewState":{"m_AlwaysRefresh":false,"showFog":true,"showSkybox":true,"showFlares":true,"showImageEffects":true,"showParticleSystems":true,"showVisualEffectGraphs":true,"m_FxEnabled":true},"in2DMode":false,"pivot":{"x":-16.104963302612306,"y":7.742168426513672,"z":-0.4125175476074219},"rotation":{"x":-0.1363833099603653,"y":-0.000894369906745851,"z":0.0001231177884619683,"w":-0.9906569719314575},"size":20.103790283203126,"orthographic":false}